"ID d'entreprise","Raison sociale","Adresse","Code postal","Ville","Pays","Chiffre d'affaires (€)","Cap Rating","Code NACE","Code SIC","Date de création"
"FR55208131766522","ELECTRICITE DE FRANCE","22 AV DE WAGRAM, 22-30","75008","PARIS","France","85601000000","6.666666666666667","3511","4911","30/11/1954"
"FR54206547901478","STELLANTIS AUTO SAS","43 RUE JEAN PIERRE TIMBAUD","78300","POISSY","France","64035821000","3.6666666666666665","2910","3711","30/11/1953"
"FR38347481400100","AIRBUS","2 ROND-POINT DEWOITINE","31700","BLAGNAC","France","57955086000","5.666666666666667","3030","3721","30/11/1990"
"FR78012998704037","RENAULT SAS","122B AVENUE DU GENERAL LECLERC, 122-122","92100","BOULOGNE-BILLANCOURT","France","54501000000","5.666666666666667","2910","3711","30/11/1966"
"FR54210765113030","ENGIE","FAUBOURG DE L'ARCHE PL SAMUEL DE CHAMPLAIN","92400","COURBEVOIE","France","40817000000","5","3523","4922","30/11/1953"
"FR56202442200486","CMA CGM","4 QUAID'ARENC","13002","MARSEILLE","France","34741400000","6.666666666666667","5020","4449","30/11/1955"
"FR53168044500024","TOTALENERGIES MARKETING FRANCE","562 AV DU PARC DE L ILE","92000","NANTERRE","France","27981489000","5","4671","5172","30/11/2010"
"FR38298492000043","TOYOTA MOTOR EUROPE","60 AV DU BOURGET 1140 BRUXELLES, 60 AV DU BOURGET","","","France","26154635395","3.5","","",""
"FR77566225700150","SANOFI WINTHROP INDUSTRIE","78 AU 84 82 AV RASPAIL","94250","GENTILLY","France","25341000000","5.666666666666667","2120","2834","30/11/1972"
"FR38012986648625","ORANGE","111 QUAI DU PRESIDENT ROOSEVELT","92130","ISSY-LES-MOULINEAUX","France","24685000000","5.333333333333333","6110","4813","30/11/1990"
"FR44028375200010","CSF","ZI RTE DE PARIS, ZI","14120","MONDEVILLE","France","24181496576","5.333333333333333","4639","5199","30/11/2000"
"FR52922174900011","TOTALENERGIES RAFFINAGE FRANCE","LA DEFENSE 2 PL JEAN MILLIER, LA DEFENSE","92400","COURBEVOIE","France","23586989322","5","1920","2911","30/11/2009"
"FR34119222700013","ITM ALIMENTAIRE INTERNATIONAL","24 RUE AUGUSTE CHABRIERES","75015","PARIS","France","22898805727","6","4617","5199","30/11/1986"
"FR51903758414786","SNCF VOYAGEURS","1 RUE CAMILLE MOKE","93210","SAINT-DENIS","France","22732000000","4","4910","4111","30/11/2008"
"FR35121675900016","TECHWOOD","100 RUE PETIT","75019","PARIS","France","20302711000","6","2920","3711","30/11/1988"
"FR44460844215578","ENEDIS","4 PLACE DE LA PYRAMIDE","92800","PUTEAUX","France","19932000000","4.333333333333333","3513","4911","30/11/2001"
"FR-322-6120ZN","ONATI SAS","Roundabout of the Marine Base ? Fare Ute","98713","PAPEETE","France","19027000000","","6190","4813","30/11/2017"
"FR42049517800014","SOCIETE AIR FRANCE","CHEZ AIR FRANCE 45 RUE DE PARIS","93290","TREMBLAY-EN-FRANCE","France","18706000000","4.666666666666667","5110","4512","30/11/1997"
"FR31528111300052","SOC D'IMPORTATION LECLERC","26 QUAI MARCEL BOYER","94200","IVRY-SUR-SEINE","France","18594618808","4","4671","5172","30/11/1978"
"FR51509463900017","SPRING TRAVEL SERVICE SARL","12 RUE TAHA HOUSSEINE HOUMET SOUK, SOUK DJERBA","","","France","17659011306","7.2","","",""
"FR54201005312623","NORTH ATLANTIC ENERGIES","20 RUE PAUL HEROULT","92000","NANTERRE","France","17634516000","4","1920","2911","30/11/1953"
"FR-322-031195","BRASSERIE DE TAHITI S.A.","17 Pl Notre Dame","98713","PAPEETE","France","16400000000","","1105","2082","30/11/1913"
"FR42225193400051","SINERGY","26 QUAI MARCEL BOYER","94200","IVRY-SUR-SEINE","France","15404596215","4","4612","5172","30/11/1998"
"FR30460295600142","COOPERATIVE U","PARC TERTIAIRE SILIC BATIMENT MONTREAL 20 RUE D ARCUEIL, PARC TERTIAIRE SILIC BAT MONTREAL","94150","RUNGIS","France","15388392000","4","4617","5199","30/11/1976"
"FR41228073720375","SNCF RESEAU","15 RUE JEAN PHILIPPE RAMEAU, 15 AU 17","93200","SAINT-DENIS","France","15281000000","3","5221","4731","30/11/1996"
"FR42091691800048","AIRBUS OPERATIONS","316 RTE DE BAYONNE","31300","TOULOUSE","France","14036000000","6.666666666666667","3030","3721","30/11/1997"
"FR41481521700016","SAFRAN AIRCRAFT ENGINES","2 BD DU GAL MARTIAL VALIN","75015","PARIS","France","13851016000","8.666666666666666","3030","3721","30/11/1996"
"FR41040946000756","AUCHAN HYPERMARCHE","200 RUE DE LA RECHERCHE","59491","VILLENEUVE-D'ASCQ","France","13701500000","4","4711","5411","30/11/1996"
"FR83404281400014","CONGO MARITIME SERVICES COMPANY","41 RUE PELICAN","","","France","13632190183","6","","",""
"FR35600000000048","LA POSTE","44 BD DE VAUGIRARD, DIRECTION GENERALE DE LA POSTE","75015","PARIS","France","13171000000","5.666666666666667","5310","4311","30/11/1990"
"FR55214450301289","AUTOMOBILES PEUGEOT","43 RUE JEAN PIERRE TIMBAUD","78300","POISSY","France","13111172000","5","4511","5511","30/11/1954"
"FR45132133500023","CARREFOUR HYPERMARCHES","ZAE SAINT GUENAULT 1 RUE JEAN MERMOZ, ZAE SAINT GUENAULT","91000","EVRY-COURCOURONNES","France","12308753401","3.6666666666666665","4711","5411","30/11/2005"
"FR44239544800057","TOTALENERGIES ELECTRICITE ET GAZ FRANCE","2B RUE LOUIS ARMAND","75015","PARIS","France","12154814000","6.333333333333333","3514","4911","30/11/2001"
"FR-H-5046105271","CENTRE DE DISTRIBUTION SAS","Moana Nui","98713","PAPEETE","France","11429000000","","4639","5149","30/11/1993"
"FR31857106400324","LOUIS VUITTON MALLETIER","2 RUE DU PONT NEUF","75001","PARIS","France","11300800000","7.333333333333333","4649","5021","30/11/1979"
"FR79836120000016","SOCIETE CONGOLAISE DE TRANSPORTS MARITIMES - SOCOTRAM SA","IMM. LES MANGUIERS - QUA. 5 AV DU DR DENIS LOEMBA - 2E ETAGE -, IMM. LES MANGUIERS - QUA.","","","France","10392654968","6.333333333333333","","",""
"FR-322-023598","AIR TAHITI","Faaa International Airport","98713","PAPEETE","France","10000000000","","5110","4512","30/11/1985"
"FR83227737000017","VOLKSWAGEN GROUP FRANCE","11 AVENUE DE BOURSONNE","2600","VILLERS-COTTERETS","France","9871484328","6","4511","5511","30/11/2016"
"FR35359767700015","SCA PETROLE ET DERIVES","24 RUE AUGUSTE CHABRIERES","75015","PARIS","France","9856784676","5.333333333333333","4671","5172","30/11/1988"
"FR39748093003464","BOUYGUES TELECOM","13A 15 13 AV DU MARECHAL JUIN, 13 A 15","92360","MEUDON","France","9662000000","5","6120","4813","30/11/1993"
"FR34305956400959","SOCIETE FRANCAISE DU RADIOTELEPHONE - S.F.R","16 RUE DU GAL ALAIN DE BOISSIEU","75015","PARIS 15","France","9466758582","5.666666666666667","6120","4813","30/11/1986"
"FR58213743600660","PHOENIX OCP","2 RUE GALIEN","93400","SAINT-OUEN-SUR-SEINE","France","9374862160","4.666666666666667","4646","5122","30/11/1957"
"FR30451556200029","ARTS ET BOIS","100 RUE PETIT","75019","PARIS","France","9092707000","6.333333333333333","2920","3711","30/11/1962"
"FR64205019901089","AUTOMOBILES CITROEN","43 RUE JEAN PIERRE TIMBAUD","78300","POISSY","France","8737080000","3.6666666666666665","4511","5511","30/11/1981"
"FR69652041000023","HERMES SELLIER","24 RUE DU FAUBOURG SAINT HONORE","75008","PARIS","France","8479107478","9.333333333333334","1512","3199","30/11/1975"
"FR49326528400015","COMPAGNIE D'EXPLOITATION ET DE REPARTITION PHARMACEUTIQUE","39 - 41 39 RUE DES AUGUSTINS, 39 - 41","76000","ROUEN","France","8084946961","5.666666666666667","4646","5122","30/11/2005"
"FR39748093003498","BOUYGUES TELECOM","37-39 37 RUE BOISSIERE, 37-39","75016","PARIS","France","7715000000","","6190","4813","30/11/1993"
"FR38456094200045","LEROY MERLIN FRANCE","RUE CHANZY","59260","LEZENNES","France","7632043000","6","4752","5231","30/11/1991"
"FR42288289400039","FLANDRES LAITIERS MOULUS","7 RUE DES PEUPLIERS, ARTEPARC BAT. G","59810","LESQUIN","France","7556931000","8.666666666666666","0812","1442","30/11/1998"
"FR42288289400047","FLANDRES LAITIERS MOULUS","ROUTE DU FOSSE DEFENSIF (DUNKERQUE)","59140","DUNKERQUE","France","7556931000","8.666666666666666","0812","1442","30/11/1998"
"FR95450343901719","SCHNEIDER ELECTRIC INDUSTRIES SAS","35 RUE JOSEPH MONIER","92500","RUEIL-MALMAISON","France","7542620811","5.666666666666667","4669","5084","30/11/1955"
"FR57211955000034","SUCRES ET DENREES","20-22 20 RUE DE LA VILLE L EVEQUE, 20-22","75008","PARIS","France","7423265499","4.666666666666667","4636","5145","30/11/1956"
"FR85047971800015","ABN AMRO BANK NV","3 AVENUE GUSTAV MAHLERLAAN 10, HQ91774","","","France","7300000000","7.2","","",""
"FR71204245600111","DASSAULT AVIATION","MARCEL DASSAULT 9 RPT CHAMPS ELYSEES M. DASSAULT, MARCEL DASSAULT","75008","PARIS","France","7215900000","7.666666666666667","3030","3721","30/11/1970"
"FR-322-029702","SOCIETE POLYNESIENNE D'AUTOMOBILES ET D'ENGINS DE TRANSPORTS OU DE TRAVAUX PUBLICS","Belt Rd","98713","PAPEETE","France","7200000000","","4519","5012","30/11/1986"
"FR54205118000066","TOTALENERGIES SE","LA DEFENSE 6 2 PL DE LA COUPOLE, LA DEFENSE 6","92400","COURBEVOIE","France","7020000000","5.666666666666667","7010","6719","30/11/1953"
"FR-322-45.11Z","SOCIETE DE DISTRIBUTION DE VEHICULES AUTOMOBILES","Bvd De La Reine Pomare Seafront","98713","PAPEETE","France","7000000000","","4519","5511","30/11/1986"
"FR-322-023911","SOCIETE DE DISTRIBUTION DE VEHICULES AUTOMOBILES","Bvd Pomare V","98713","PAPEETE","France","7000000000","","4519","5511","30/11/1986"
"FR95450607700120","RENAULT TRUCKS","99 RTE DE LYON","69800","SAINT-PRIEST","France","6541200000","6","2910","3711","30/11/1953"
"FR44308999000032","NISSAN AUTOMOTIVE EUROPE","8 RUE JEAN-PIERRE TIMBAUD","78180","MONTIGNY-LE-BRETONNEUX","France","6533012652","5","4511","5511","30/11/2001"
"FR44461925802482","RTE RESEAU DE TRANSPORT D ELECTRICITE","7 PLACE DU DOME, IMMEUBLE WINDOW","92800","PUTEAUX","France","6327484000","4.666666666666667","3512","4911","30/11/2001"
"FR41097050300026","SCAMARK","26 QUAI MARCEL BOYER","94200","IVRY-SUR-SEINE","France","6307785748","4.666666666666667","1089","2099","30/11/1996"
"FR53770945300014","MOLDINO TOOL ENGINEERING EUROPE GMBH","40724 HILDEN 12 ITTLERPARK, 40724 HILDEN","","","France","6182410499","8.666666666666666","","",""
"FR85520050700017","MANUFACTURE FRANCAISE DES PNEUMATIQUES MICHELIN","23 PL DES CARMES DECHAUX","63000","CLERMONT-FERRAND","France","5885463418","4.666666666666667","7010","6719","30/11/1954"
"FR63201210000012","L'OREAL","14 RUE ROYALE","75008","PARIS","France","5794600000","5.666666666666667","7740","6794","30/11/1962"
"FR-322-95218B","SOCIETE POLYNESIENNE DE MATERIAUX - SOCIMAT","PK 6.5 Cote Mer","98713","Faaa","France","5633925591","","4673","5031","30/11/1981"
"FR79932524600020","SANOFI BIOTECHNOLOGY","82 AVENUE RASPAIL","94250","GENTILLY","France","5580000000","8.333333333333334","7211","8731","30/11/2012"
"FR30609419400058","CARFUEL","ZAE SAINT GUENAULT 1 RUE JEAN MERMOZ, ZAE SAINT GUENAULT","91000","EVRY-COURCOURONNES","France","5543921514","5.333333333333333","4612","5172","30/11/1975"
"FR32773318400516","MICROSOFT FRANCE","37/45 37 QUAI DU PRESIDENT ROOSEVELT, 37/45","92130","ISSY-LES-MOULINEAUX","France","5421180733","7.666666666666667","6202","7371","30/11/1982"
"FR-322-031864","ELECTRICITE DE TAHITI","Puurai Rd","98702","Faa'a","France","5406094500","","3512","4911","30/11/1969"
"FR30252770000041","CFM INTERNATIONAL","2 BD DU GAL MARTIAL VALIN","75015","PARIS","France","5355091000","6.666666666666667","4669","5084","30/11/1973"
"FR75330823804860","ACTION FRANCE","11 RUE DE CAMBRAI","75019","PARIS","France","5271860534","6.666666666666667","4719","5399","30/11/2011"
"FR39931561300014","METRO FRANCE","ZA DU PETIT NANTERRE 5 RUE DES GRANDS PRES, ZA DU PETIT NANTERRE","92000","NANTERRE","France","5244508917","5.333333333333333","4639","5199","30/11/1993"
"FR42055905600031","TOYOTA MOTOR MANUFACTURING FRANCE","PARCACTIVITES VALLEE ESCAUT","59264","ONNAING","France","5223725585","6.666666666666667","2910","3711","30/11/1997"
"FR77812761300041","AIRBUS ATLANTIC","ANCIEN ARSENAL RUE DE L ARSENAL, ANCIEN ARSENAL","17300","ROCHEFORT","France","5052431000","4","3030","3721","30/11/1969"
"FR79438384400014","LUFTHANSA TECHNIK AKTIENGESELLSCHAFT","POSTFACH 63 63 00, POSTFACH 63 63 00","","","France","5039000000","5.6","","",""
"FR35238371500021","AIRBUS HELICOPTERS","INTERN MARSEILLE PROVENCE L'AEROPORT, AEROP INTERNATIONAL MARSEILLE PROVENCE","13700","MARIGNANE","France","4999000000","6.4","3030","3721","30/11/1988"
"FR54205276600012","CHANEL","135 AV CHARLES DE GAULLE, 92206 NEUILLY-SUR-SEINE CEDEX","92200","NEUILLY-SUR-SEINE","France","4963381807","6.666666666666667","4642","5136","30/11/1953"
"FR44478651107217","GRDF","17 RUE DES BRETONS, KER 17","93210","SAINT-DENIS","France","4829383000","8.666666666666666","3522","4922","30/11/2001"
"FR38919198200344","ALSTOM TRANSPORT SA","48 RUE ALBERT DHALENNE","93400","SAINT-OUEN-SUR-SEINE","France","4740100000","7.333333333333333","3020","3743","30/11/1991"
"FR32933888303413","COLAS FRANCE","1 RUE DU COLONEL PIERRE AVIA","75015","PARIS","France","4732817491","6.666666666666667","4211","1611","30/11/1983"
"FR83006536300012","INOVYN EUROPE LIMITED","RUNCORN SITE HQ SOUTH PARADE, PO BOX 9-WA7 4JE RUNCORN","","","France","4716100000","7.2","","",""
"FR44113380800135","NAVAL GROUP","40-42 40 RUE DU DOCTEUR FINLAY, 40-42","75015","PARIS","France","4683539000","7","3011","3731","30/11/2001"
"FR56209442500427","ARCELORMITTAL FRANCE","IMMEUBLE ""LE CEZANNE"" 6 RUE ANDRE CAMPRA, IMMEUBLE LE CEZANNE","93210","SAINT-DENIS","France","4649174000","3.6666666666666665","2410","3399","30/11/1941"
"FR61203583200049","CHRISTIAN DIOR COUTURE","30 AV MONTAIGNE","75008","PARIS","France","4628086000","7","4771","5699","30/11/1960"
"FR77566139000739","FNAC DARTY PARTICIPATIONS ET SERVICES","ZAC PORT D IVRY 9 RUE DES BATEAUX LAVOIRS, ZAC PORT D IVRY","94200","IVRY-SUR-SEINE","France","4537660111","3.6666666666666665","4619","5199","30/11/1970"
"FR72200096500094","BMW FRANCE","5 RUE DES HERONS","78180","MONTIGNY-LE-BRETONNEUX","France","4365896417","6.333333333333333","4511","5511","30/11/1971"
"FR62204428700788","MERCEDES-BENZ FRANCE","7 AV NIEPCE","78180","MONTIGNY LE BRETONNEUX","France","4263964489","6","4511","5511","30/11/1961"
"FR54204452401063","NATIXIS","7 PROMENADE GERMAINE SABLON","75013","PARIS 13","France","4246000000","7.6","6492","6162","30/11/1953"
"FR42121813200296","ALLIANCE HEALTHCARE REPARTITION","222 RUE DES CABOEUFS, BATIMENT B","92230","GENNEVILLIERS","France","4241839611","5.333333333333333","4646","5122","30/11/1997"
"FR99882350431782","ADECCO FRANCE","2 RUE HENRI LEGAY","69100","VILLEURBANNE","France","4215938463","4","7820","7363","30/11/1968"
"FR43276694700019","FRANCE TELEVISIONS","7 ESP HENRI DE FRANCE","75015","PARIS","France","4162766000","4","6020","4833","30/11/1999"
"FR42826802337699","DISTRIBUTION CASINO FRANCE","1 ESP DE FRANCE","42000","SAINT-ETIENNE","France","4126200000","4","4711","5411","30/11/1998"
"FR39163786500133","TECHNIP ENERGIES FRANCE","2126 BOULEVARD DE LA DEFENSE, IMMEUBLE ORIGINE","92000","NANTERRE","France","4113400000","7.333333333333333","7112","8711","30/11/1992"
"FR30377502700020","TOTALENERGIES EP ANGOLA","LA DEFENCE 6 2 PL DE LA COUPOLE, LA DEFENSE","92400","COURBEVOIE","France","4030714915","7.333333333333333","6420","6719","30/11/1979"
"FR41006101400024","SHV GAS SUPPLY & RISK MANAGEMENT","20 AV ANDRE PROTHIN, TOUR EUROPLAZA 4","92400","COURBEVOIE","France","3950344916","5.333333333333333","4671","5172","30/11/1995"
"FR78692030600093","CORA","DOMAINE DE BEAUBOURG 1 RUE DU CHENIL, DOMAINE DE BEAUBOURG CS 30175","77183","CROISSY-BEAUBOURG","France","3942506486","5","4711","5411","30/11/1979"
"FR50056940503239","DECATHLON FRANCE","4 BD DE MONS","59650","VILLENEUVE-D'ASCQ","France","3936503631","5.333333333333333","4764","5941","30/11/2006"
"FR71203404000154","TOYOTA FRANCE","N¿20 A 30 20 BD DE LA REPUBLIQUE, N°20 A 30","92420","VAUCRESSON","France","3890496219","4.333333333333333","4511","5511","30/11/1970"
"FR42193886100034","FREE","8 RUE DE LA VILLE L EVEQUE","75008","PARIS","France","3876933000","6","6110","4813","30/11/1998"
"FR89215475800015","MEDILAB","QUARTIER HAUTS DEGUE GUE, BP 13835","","","France","3850667552","8.333333333333334","","",""
"FR57213999603633","AUTOROUTES DU SUD DE LA FRANCE","1973 BOULEVARD DE LA DEFENSE","92000","NANTERRE","France","3834200000","7.666666666666667","5221","4731","30/11/1956"
"FR47976684200724","CAPGEMINI TECHNOLOGY SERVICES","145 QUAI DU PRESIDENT ROOSEVELT, 145-151","92130","ISSY-LES-MOULINEAUX","France","3789143000","6.333333333333333","6202","7371","30/11/2003"
"FR42110670900668","SCHNEIDER ELECTRIC FRANCE","35 RUE JOSEPH MONIER","92500","RUEIL-MALMAISON","France","3729443147","4.333333333333333","2712","3625","30/11/1997"
"FR33114255400012","GROUPE LACTALIS","10 RUE ADOLPHE BECK","53000","LAVAL","France","3693937958","3.6666666666666665","4633","5143","30/11/1984"
"FR78013017514753","SHELL FRANCE","22 ROUTE DE LA DEMI-LUNE, TOUR LANDSCAPE- 6 PLACE DES DEGRES","92800","PUTEAUX","France","3670138501","5.333333333333333","4671","5172","30/11/1953"
"FR49924713800021","FREE MOBILE","16 RUE DE LA VILLE L EVEQUE","75008","PARIS","France","3665894000","8.333333333333334","6120","4813","30/11/2006"
"FR34738457002017","BOULANGER","AVENUE DE LA MOTTE","59810","LESQUIN","France","3651772856","5","4754","5722","30/11/1987"
"FR33518609400074","UBISOFT ENTERTAINMENT","2 RUE DU CHENE HELEUC","56910","CARENTOIR","France","1899200000","3.6","5821","3944","30/11/1985"
"FR-322-613950","BRAPAC DISTRIBUTION SA","PK 4.6 Rue De L'eau Royale","98701","ARUE","France","3594255640","","4634","5182","30/11/1962"
"FR55201662800273","AEROPORTS DE PARIS","1 RUE DE FRANCE","93290","TREMBLAY-EN-FRANCE","France","3581000000","7.666666666666667","5223","4731","30/11/1954"
"FR35174572400200","MEUBLES IKEA FRANCE","425 RUE HENRI BARBUSSE","78370","PLAISIR","France","3563728024","6","4759","5712","30/11/1988"
"FR92224593100014","AMPERE SAS","122B AVENUE DU GENERAL LECLERC, 122-122","92100","BOULOGNE-BILLANCOURT","France","3514139763","6","6630","6211","30/11/2021"
"FR41471350300038","PEUGEOT CITROEN MULHOUSE SNC","ILE NAPOLEON RTE DE CHALAMPE, ILE NAPOLEON","68390","SAUSHEIM","France","3502129939","5.666666666666667","2910","3711","30/11/1996"
"FR50955345900033","M H C S","9 AV DE CHAMPAGNE","51200","EPERNAY","France","3486720783","6","1102","2084","30/11/2007"
"FR35186769201142","TEMSYS","28 ALLEE D'AQUITAINE, IMMEUBLE CITY LIFE","92000","NANTERRE","France","3473133005","5.333333333333333","7711","7519","30/11/1988"
"FR37904139500011","FRAMATOME","TOUR AREVA 1 PL DE LA COUPOLE, TOUR AREVA","92400","COURBEVOIE","France","3470026000","6.333333333333333","2530","3443","30/11/1989"
"FR30247504103889","STELLANTIS &YOU FRANCE SAS","43 RUE JEAN PIERRE TIMBAUD","78300","POISSY","France","3446352237","3.6666666666666665","4511","5511","30/11/1979"
"FR34753804302713","AS 24","PARC TERTIAIRE AR MOR 1 BD DU ZENITH, PARC TERTIAIRE AR MOR","44800","SAINT-HERBLAIN","France","3428739875","5","4671","5172","30/11/1987"
"FR39747182200114","EURO DISNEY ASSOCIES SAS","1 ROND-POINT D'ISIGNY","77700","CHESSY","France","3411000000","4.333333333333333","9321","7996","30/11/1993"
"FR41466819400049","PEUGEOT CITROEN SOCHAUX SNC","27 RUE DE PONTARLIER","25600","SOCHAUX","France","3400059639","6","2910","3711","30/11/1996"
"FR31221230102001","RENAULT RETAIL GROUP","2 AV DENIS PAPIN, 1ER-2E ETAGE","92140","CLAMART","France","3353544676","5.666666666666667","4511","5511","30/11/1977"
"FR55204499202622","POMONA","3 AV DU DOCTEUR TENINE","92160","ANTONY","France","3331385649","5.333333333333333","4639","5199","30/11/1954"
"FR38802115600046","SAIPOL","11 AU 13 11 RUE DE MONCEAU, 11-13","75008","PARIS","France","3301970983","4.666666666666667","1041","2079","30/11/1991"
"FR31214133600023","SOCIETE MECANIQUE AUTOMOBILE DE L'EST","POLE INDUSTRIEL NORD METROPOLE LORRAINE, POLE INDUSTRIEL NORD","57300","TREMERY","France","3296540698","6.333333333333333","2910","3711","30/11/1977"
"FR37816847000136","MBDA FRANCE","1 AV REAUMUR","92350","LE PLESSIS-ROBINSON","France","3248880497","8","2540","3489","30/11/1989"
"FR41020643700049","AMPERE ELECTRICITY","122B AVENUE DU GENERAL LECLERC, 122-122","92100","BOULOGNE-BILLANCOURT","France","3224630349","4.666666666666667","2910","3711","30/11/1995"
"FR42995529714918","MANPOWER FRANCE","6 PLACE DES DEGRES, TOUR LANDSCAPE","92800","PUTEAUX","France","3221944000","4","7820","7363","30/11/1999"
"FR42889111300014","TOTALENERGIES PETROCHEMICALS FRANCE","LA DEFENSE 6 2 PL DE LA COUPOLE, LA DEFENSE 6","92400","COURBEVOIE","France","3183041243","5","2014","2819","30/11/1998"
"FR45650053706585","DALKIA","204 RUE SADI CARNOT, PANORAMA","59350","SAINT-ANDRE-LEZ-LILLE","France","3134618000","3.6666666666666665","3530","4961","30/11/1955"
"FR55204695506065","ENGIE ENERGIE SERVICES","1 PLACE SAMUEL DE CHAMPLAIN, FAUBOURG DE L ARCHE","92400","COURBEVOIE","France","3131413000","3.6666666666666665","3530","4961","30/11/1954"
"FR08548079600151","LES LABORATOIRES SERVIER","50 RUE CARNOT","92150","Suresnes","France","3110633173","6","2120","2834","30/11/1953"
"FR31963279001020","ARKEMA FRANCE","51 ESPLANADE DU GENERAL DE GAULLE, LA DEFENSE","92800","PUTEAUX","France","3101300000","4.333333333333333","2014","2819","30/11/1979"
"FR50752380102157","SNCF GARES & CONNEXIONS","16 AVENUE D'IVRY","75013","PARIS","France","3080000000","3.3333333333333335","5221","4731","30/11/2007"
"FR41040901504099","AUCHAN SUPERMARCHE","200 RUE DE LA RECHERCHE","59491","VILLENEUVE-D'ASCQ","France","3053500000","4.666666666666667","4711","5411","30/11/1996"
"FR90175897900024","FINANCIERE PBG","22 RUE GUYNEMER","78600","MAISONS-LAFFITTE","France","3044587641","4.333333333333333","6420","6719","30/11/2020"
"FR33436749700172","SAMSUNG ELECTRONICS FRANCE","6 RUE FRUCTIDOR","93400","SAINT-OUEN-SUR-SEINE","France","2950174596","5.666666666666667","4652","5063","30/11/1984"
"FR35225642401410","ARVAL SERVICE LEASE","1 BD HAUSSMANN","75009","PARIS","France","2944945116","7.666666666666667","7711","7519","30/11/1988"
"FR95752090100019","COMPAGNIE NATIONALE DU RHONE","2 RUE ANDRE BONIN","69004","LYON","France","2915120000","6.666666666666667","3511","4911","30/11/1933"
"FR63204538100068","ERAMET","10 BOULEVARD DE GRENELLE","75015","PARIS","France","2913744000","3.3333333333333335","4672","5093","30/11/1962"
"FR30328426900071","APERAM STAINLESS EUROPE","6 RUE ANDRE CAMPRA","93210","SAINT-DENIS","France","2911599905","5.333333333333333","4612","5099","30/11/1962"
"FR-322-185884","CHARCUTERIE DU PACIFIQUE","PK 11.5 Amoe Zone Cote Montagne Mahina","98716","PAPEETE","France","2900000000","","1011","2011","30/11/1988"
"FR41789058900068","MSD FRANCE","10 COURS MICHELET, 10-12","92800","PUTEAUX","France","2896348226","6.666666666666667","4646","5122","30/11/1997"
"FR42498265000014","SCC FRANCE","96 RUE DES 3 FONTANOT","92000","NANTERRE","France","2884644599","6.333333333333333","4651","5045","30/11/1998"
"FR39371228603775","SEPHORA","41 RUE YBRY","92200","NEUILLY-SUR-SEINE","France","2876337365","7","4775","5999","30/11/1993"
"FR31915987700111","THALES LAS FRANCE SAS","2 AV GAY LUSSAC","78990","ELANCOURT","France","2850061000","7.666666666666667","2651","3812","30/11/1979"
"FR42861171900017","SOCIETE COOPERATIVE AGRICOLE ET AGRO-ALIMENTAIRE AGRIAL","4 RUE DES ROQUEMONTS","14000","CAEN","France","2847218416","3.6666666666666665","4633","5143","30/11/1999"
"FR35157288800557","SODIAAL UNION","200 RUE RAYMOND LOSSERAND, 200-216","75014","PARIS","France","2846651721","3.6666666666666665","4633","5143","30/11/1988"
"FR34368801600504","COCA-COLA EUROPACIFIC PARTNERS FRANCE","9 CHE DE BRETAGNE, CS 80050","92130","ISSY-LES-MOULINEAUX","France","2844599858","5","1107","2086","30/11/1987"
"FR8548079600151","LES LABORATOIRES SERVIER","50 RUE CARNOT","92150","SURESNES","France","2829374813","6.8","","",""
"FR43906761200036","CHANTIERS DE L'ATLANTIQUE","AV ANTOINE BOURDELLE","44600","SAINT-NAZAIRE","France","2810980876","6","3011","3731","30/11/2000"
"FR40539551800013","NIKE RETAIL BV","1213 NL HILVERSUM, COLOSSEUM 1","","","France","2807720000","8.666666666666666","","",""
"FR80107613400064","SOUFFLET NEGOCE BY INVIVO","QUAI DU GENERAL SARRAIL","10400","NOGENT-SUR-SEINE","France","2687168522","4","4621","5199","30/11/2013"
"FR81743959900025","ORANO RECYCLAGE","125 AVENUE DE PARIS","92320","CHATILLON","France","2678878000","7.666666666666667","2013","2819","30/11/2014"
"FR41968381800027","IVECO FRANCE","PORTE E 1 RUE DES COMBATS DU 24 AOUT 44, PORTE E","69200","VENISSIEUX","France","2673629418","4","4519","5599","30/11/1997"
"FR77562576700030","FINANCIERE AGACHE","11 RUE FRANCOIS 1ER","75008","PARIS","France","2665400000","3.6","6420","6719","30/11/1953"
"FR72206563800065","TD SYNNEX FRANCE","5 AV DE L EUROPE","77600","BUSSY-SAINT-GEORGES","France","2662174487","4.666666666666667","4651","5045","30/11/1971"
"FR54203432713118","BP FRANCE","10 AVENUE DE L'ENTREPRISE, CAMPUS ST CHRISTOPHE,BAT GALILEE 3","95800","CERGY","France","2660000000","5","4671","5172","30/11/1953"
"FR35286063901858","T.D-DISTRIBUTION THEVENIN-DUCROT-DISTRIBUTION","7 RUE DU POINT DU JOUR","21800","CHEVIGNY-SAINT-SAUVEUR","France","2636468536","4.333333333333333","4671","5172","30/11/1988"
"FR54203871600032","TOTALENERGIES MARKETING AFRIQUE","TOUR TOTAL 24 CRS MICHELET","92800","PUTEAUX","France","2629853426","6","4671","5172","30/11/1953"
"FR38347093700194","THALES SIX GTS FRANCE SAS","4 AV DES LOUVRESSES","92230","GENNEVILLIERS","France","2577587000","8.333333333333334","2630","3669","30/11/1990"
"FR38347509200110","THALES DMS FRANCE SAS","2 AV GAY LUSSAC, LA CLEF SAINT PIERRE","78990","ELANCOURT","France","2574468000","8.666666666666666","2651","3812","30/11/1990"
"FR34308813400063","VINCI CONSTRUCTION GRANDS PROJETS","1973 BOULEVARD DE LA DEFENSE","92000","NANTERRE","France","2554770430","6","4299","1629","30/11/1986"
"FR55208853602368","CEVA AIR & OCEAN INTERNATIONAL","7 ALLEE DE L'ARCHE","92400","COURBEVOIE","France","2528702787","6.666666666666667","5229","4789","30/11/1945"
"FR39306807700022","CHANEL COORDINATION","12 RUE DUPHOT","75001","PARIS","France","2527193261","5.666666666666667","4642","5136","30/11/1992"
"FR45167897300012","CASTORAMA FRANCE","20 ZONE INDUSTRIELLE  59175 TEMPLEMARS","59175","TEMPLEMARS","France","2519392573","3.6666666666666665","4752","5231","30/11/2003"
"FR42062477700199","GROUPE CANAL+","50 RUE CAMILLE DESMOULINS","92130","ISSY-LES-MOULINEAUX","France","2504000000","4.666666666666667","6130","4813","30/11/1997"
"FR55206518700130","PARFUMS CHRISTIAN DIOR","33 AV HOCHE","75008","PARIS","France","2497447778","7.333333333333333","2042","2844","30/11/1954"
"FR39334151600093","AIRBUS DEFENCE AND SPACE SAS","ZI DU PALAYS 31 RUE DES COSMONAUTES, ZI DU PALAYS","31400","TOULOUSE","France","2490455000","3.6666666666666665","3030","3721","30/11/1992"
"FR32230644000213","DASSAULT SYSTEMES","10 RUE MARCEL DASSAULT","78140","VELIZY-VILLACOUBLAY","France","2488200000","6.666666666666667","5829","7372","30/11/1980"
"FR41034907000178","NOVARTIS PHARMA SAS","8 RUE HENRI SAINTE CLAIRE DEVILLE, 8-10","92500","RUEIL-MALMAISON","France","2477868732","7","4646","5122","30/11/1995"
"FR31506529200296","LA FRANCAISE DES JEUX","3 QUAI DU POINT DU JOUR, 3-7","92100","BOULOGNE-BILLANCOURT","France","3065100000","9","9200","7999","30/11/1978"
"FR41003460704252","SUEZ EAU FRANCE","4 PLACE DE LA PYRAMIDE, ALTIPLANO","92800","PUTEAUX","France","2471536689","4.666666666666667","3600","4941","30/11/1995"
"FR49295669300013","JPMORGAN ASSET MANAGEMENT (EUROPE) SARL","SENNINGERBERG 6 RTE ROUTE DE TREVES L26 33, SENNINGERBERG","","","France","2462907984","3","","",""
"FR30930461605851","REXEL FRANCE","13 BD DU FORT DE VAUX","75017","PARIS","France","2450087869","6","4669","5084","30/11/1974"
"FR50170617000047","GAZELENERGIE SOLUTIONS","2 RUE BERTHELOT","92400","COURBEVOIE","France","2446716099","6","3513","4911","30/11/2006"
"FR44813963400019","ASTRAZENECA DUNKERQUE PRODUCTION","ZONE ENT NOORD GRACHT 224 AV DE LA DORDOGNE, ZONE ENT NOORD GRACHT","59640","DUNKERQUE","France","2412879630","7","2120","2834","30/11/2002"
"FR30819718500124","IPSEN PHARMA","70 RUE BALARD","75015","PARIS","France","2405600000","7.333333333333333","4646","5122","30/11/1983"
"FR57206768400017","ROBERT BOSCH FRANCE","32 AV MICHELET","93400","SAINT-OUEN-SUR-SEINE","France","2402770584","5.333333333333333","2932","3714","30/11/1956"
"FR42120607900020","ADEO SERVICES","CS 00001 RUE SADI CARNOT","59790","RONCHIN","France","2399786000","4","4615","5099","30/11/1997"
"FR77569019100181","UNION INVIVO","83 AV LA GRANDE ARMEE","75016","PARIS","France","2398193000","3.6666666666666665","4675","5169","30/11/1944"
"FR42859323000389","NEXANS FRANCE","4 ALLEE DE L'ARCHE","92400","COURBEVOIE","France","2394832594","4.666666666666667","2732","3357","30/11/1998"
"FR40798530800011","BOUYGUES TRAVAUX PUBLICS","1 AV EUGENE FREYSSINET","78280","GUYANCOURT","France","2385119040","7","4299","1629","30/11/1995"
"FR43976965400054","ESSILOR INTERNATIONAL","147 RUE DE PARIS","94220","CHARENTON-LE-PONT","France","2383000000","6.333333333333333","3250","3851","30/11/2000"
"FR53967381400015","AIR EUROPA LINEAS AEREAS SA","POLIGONO SON NOGUERA","","","France","2378090000","4.4","","",""
"FR43399935600028","RANDSTAD","276 AV DU PRESIDENT WILSON","93210","SAINT-DENIS","France","2377278268","3.6666666666666665","7820","7363","30/11/1999"
"FR48010791100426","SAFRAN ELECTRONICS & DEFENSE","2 BOULEVARD DU GENERAL MARTIAL VALIN","75015","PARIS","France","2375816000","7","2651","3812","30/11/2004"
"FR57202552610945","VEOLIA EAU - COMPAGNIE GENERALE DES EAUX","21 RUE LA BOETIE","75008","PARIS","France","2369470365","4","3600","4941","30/11/1956"
"FR96420112300020","INTERSPORT FRANCE","2 RUE VICTOR HUGO","91160","LONGJUMEAU","France","2369159652","4.333333333333333","4619","5199","30/11/1963"
"FR51903224700040","ARIANEGROUP SAS","51 ROUTE DE VERNEUIL, 51-61","78130","LES MUREAUX","France","2368003000","4.666666666666667","3030","3721","30/11/2008"
"FR42512736200043","FMC AUTOMOBILES","1 RUE DU 1ER MAI, IMMEUBLE AXE SEINE","92000","NANTERRE","France","2367916925","5.666666666666667","4511","5511","30/11/1998"
"FR55204944776279","SOCIETE NATIONALE SNCF","LD EMPRISE SNCF","93210","SAINT-DENIS","France","2347000000","4.666666666666667","4910","4111","30/11/1954"
"FR35152822900088","DELL.","1 RPT BENJAMIN FRANKLIN","34000","MONTPELLIER","France","2332923305","5.333333333333333","4651","5045","30/11/1988"
"FR35235886500041","PACIFICA","8/10 8 BD DE VAUGIRARD, 8/10","75015","PARIS","France","2329557810","","6512","6331","30/11/1988"
"FR31985140800017","SOCIETE VEHICULES AUTOMOBILES BATILLY","ZONE INDUSTRIELLE DE BATIL ZONE INDUSTRIELLE, ZONE INDUSTRIELLE DE BATIL","54980","BATILLY","France","2311323871","3.3333333333333335","2910","3711","30/11/1979"
"FR35100558200025","SOCIETE EUROPEENNE DE VEHICULES LEGERS DU NORD - SEVEL NORD","Z I N¿ 3, SITE HORDAIN - LD BOUCHAIN","59111","LIEU-SAINT-AMAND","France","2306615032","6","2910","3711","30/11/1988"
"FR45164790300017","BRICO DEPOT","30/32 30 RUE DE LA TOURELLE, 30/32","91310","LONGPONT-SUR-ORGE","France","2305223378","4","4752","5231","30/11/2003"
"FR72206399700174","SOC DES ATELIERS LOUIS VUITTON","2 RUE DU PONT NEUF","75001","PARIS","France","2297900000","5.333333333333333","1512","3199","30/11/1983"
